Sõna,Sõnaliik,Muuttüüp,Algvorm
ajalehed-ajakirjad,S,0,ajalehed-ajakirjad
ajalehtede-ajakirjade,S,0,ajalehed-ajakirjad
ajalehtesid-ajakirjasid,S,0,ajalehed-ajakirjad
ajalehti-ajakirju,S,0,ajalehed-ajakirjad
ajalehtedesse-ajakirjadesse,S,0,ajalehed-ajakirjad
ajalehtedes-ajakirjades,S,0,ajalehed-ajakirjad
ajalehtedest-ajakirjadest,S,0,ajalehed-ajakirjad
ajalehtedele-ajakirjadele,S,0,ajalehed-ajakirjad
ajalehtedel-ajakirjadel,S,0,ajalehed-ajakirjad
ajalehtedelt-ajakirjadelt,S,0,ajalehed-ajakirjad
ajalehtedeks-ajakirjadeks,S,0,ajalehed-ajakirjad
ajalehtede-ajakirjadeni,S,0,ajalehed-ajakirjad
ajalehtede-ajakirjadena,S,0,ajalehed-ajakirjad
ajalehtede-ajakirjadeta,S,0,ajalehed-ajakirjad
ajalehtede-ajakirjadega,S,0,ajalehed-ajakirjad
eikeegi,P,0,eikeegi
eikellegi,P,0,eikeegi
eikedagi,P,0,eikeegi
eikellessegi,P,0,eikeegi
eikelleski,P,0,eikeegi
eikellestki,P,0,eikeegi
eikellelegi,P,0,eikeegi
eikellelgi,P,0,eikeegi
eikelleltki,P,0,eikeegi
eikellekski,P,0,eikeegi
eikellenigi,P,0,eikeegi
eikellenagi,P,0,eikeegi
eikelletagi,P,0,eikeegi
eikellegagi,P,0,eikeegi
eimiski,P,0,eimiski
eimillegi,P,0,eimiski
eimidagi,P,0,eimiski
eimillessegi,P,0,eimiski
eimilleski,P,0,eimiski
eimillestki,P,0,eimiski
eimillelegi,P,0,eimiski
eimillelgi,P,0,eimiski
eimilleltki,P,0,eimiski
eimillekski,P,0,eimiski
eimillenigi,P,0,eimiski
eimillenagi,P,0,eimiski
eimilletagi,P,0,eimiski
eimillegagi,P,0,eimiski
elamine-olemine,S,0,elamine-olemine
elamise-olemise,S,0,elamine-olemine
elamist-olemist,S,0,elamine-olemine
elamisesse-olemisesse,S,0,elamine-olemine
elamises-olemises,S,0,elamine-olemine
elamisest-olemisest,S,0,elamine-olemine
elamisele-olemisele,S,0,elamine-olemine
elamisel-olemisel,S,0,elamine-olemine
elamiselt-olemiselt,S,0,elamine-olemine
elamiseks-olemiseks,S,0,elamine-olemine
elamise-olemiseni,S,0,elamine-olemine
elamise-olemisena,S,0,elamine-olemine
elamise-olemiseta,S,0,elamine-olemine
elamise-olemisega,S,0,elamine-olemine
elamisse-olemisse,S,0,elamine-olemine
elamised-olemised,S,0,elamine-olemine
elamiste-olemiste,S,0,elamine-olemine
elamisi-olemisi,S,0,elamine-olemine
elamistesse-olemistesse,S,0,elamine-olemine
elamistes-olemistes,S,0,elamine-olemine
elamistest-olemistest,S,0,elamine-olemine
elamistele-olemistele,S,0,elamine-olemine
elamistel-olemistel,S,0,elamine-olemine
elamistelt-olemistelt,S,0,elamine-olemine
elamisteks-olemisteks,S,0,elamine-olemine
elamiste-olemisteni,S,0,elamine-olemine
elamiste-olemistena,S,0,elamine-olemine
elamiste-olemisteta,S,0,elamine-olemine
elamiste-olemistega,S,0,elamine-olemine
ematu-isatu,S,0,ematu-isatu
ematu-isatu,S,0,ematu-isatu
ematut-isatut,S,0,ematu-isatu
ematusse-isatusse,S,0,ematu-isatu
ematus-isatus,S,0,ematu-isatu
ematust-isatust,S,0,ematu-isatu
ematule-isatule,S,0,ematu-isatu
ematul-isatul,S,0,ematu-isatu
ematult-isatult,S,0,ematu-isatu
ematuks-isatuks,S,0,ematu-isatu
ematu-isatuni,S,0,ematu-isatu
ematu-isatuna,S,0,ematu-isatu
ematu-isatuta,S,0,ematu-isatu
ematu-isatuga,S,0,ematu-isatu
ematud-isatud,S,0,ematu-isatu
ematute-isatute,S,0,ematu-isatu
ematuid-isatuid,S,0,ematu-isatu
ematutesse-isatutesse,S,0,ematu-isatu
ematutes-isatutes,S,0,ematu-isatu
ematutest-isatutest,S,0,ematu-isatu
ematutele-isatutele,S,0,ematu-isatu
ematutel-isatutel,S,0,ematu-isatu
ematutelt-isatutelt,S,0,ematu-isatu
ematuteks-isatuteks,S,0,ematu-isatu
ematute-isatuteni,S,0,ematu-isatu
ematute-isatutena,S,0,ematu-isatu
ematute-isatuteta,S,0,ematu-isatu
ematute-isatutega,S,0,ematu-isatu
emb-kumb,P,0,emb-kumb
emma-kumma,P,0,emb-kumb
emba-kumba,P,0,emb-kumb
emmasse-kummasse,P,0,emb-kumb
emmas-kummas,P,0,emb-kumb
emmast-kummast,P,0,emb-kumb
emmale-kummale,P,0,emb-kumb
emmal-kummal,P,0,emb-kumb
emmalt-kummalt,P,0,emb-kumb
emmaks-kummaks,P,0,emb-kumb
emma-kummani,P,0,emb-kumb
emma-kummana,P,0,emb-kumb
emma-kummata,P,0,emb-kumb
emma-kummaga,P,0,emb-kumb
emba-kumba,P,0,emb-kumb
ise,P,0,ise
enese,P,0,ise
enda,P,0,ise
ennast,P,0,ise
end,P,0,ise
enesesse,P,0,ise
endasse,P,0,ise
eneses,P,0,ise
endas,P,0,ise
enesest,P,0,ise
endast,P,0,ise
enesele,P,0,ise
endale,P,0,ise
enesel,P,0,ise
endal,P,0,ise
eneselt,P,0,ise
endalt,P,0,ise
eneseks,P,0,ise
endaks,P,0,ise
eneseni,P,0,ise
endani,P,0,ise
enesena,P,0,ise
endana,P,0,ise
eneseta,P,0,ise
endata,P,0,ise
enesega,P,0,ise
endaga,P,0,ise
ise,P,0,ise
eneste,P,0,ise
endi,P,0,ise
endid,P,0,ise
enestesse,P,0,ise
endisse,P,0,ise
enestes,P,0,ise
endis,P,0,ise
enestest,P,0,ise
endist,P,0,ise
enestele,P,0,ise
endile,P,0,ise
enestel,P,0,ise
endil,P,0,ise
enestelt,P,0,ise
endilt,P,0,ise
enesteks,P,0,ise
endiks,P,0,ise
enesteni,P,0,ise
endini,P,0,ise
enestena,P,0,ise
endina,P,0,ise
enesteta,P,0,ise
endita,P,0,ise
enestega,P,0,ise
endiga,P,0,ise
iseenese,P,0,iseenese
iseenda,P,0,iseenese
iseennast,P,0,iseenese
iseend,P,0,iseenese
iseenesesse,P,0,iseenese
iseendasse,P,0,iseenese
iseeneses,P,0,iseenese
iseendas,P,0,iseenese
iseenesest,P,0,iseenese
iseendast,P,0,iseenese
iseenesele,P,0,iseenese
iseendale,P,0,iseenese
iseenesel,P,0,iseenese
iseendal,P,0,iseenese
iseeneselt,P,0,iseenese
iseendalt,P,0,iseenese
iseeneseks,P,0,iseenese
iseendaks,P,0,iseenese
iseeneseni,P,0,iseenese
iseendani,P,0,iseenese
iseenesena,P,0,iseenese
iseendana,P,0,iseenese
iseeneseta,P,0,iseenese
iseendata,P,0,iseenese
iseenesega,P,0,iseenese
iseendaga,P,0,iseenese
iseeneste,P,0,iseenese
iseendi,P,0,iseenese
iseendid,P,0,iseenese
iseenestesse,P,0,iseenese
iseendisse,P,0,iseenese
iseenestes,P,0,iseenese
iseendis,P,0,iseenese
iseenestest,P,0,iseenese
iseendist,P,0,iseenese
iseenestele,P,0,iseenese
iseendile,P,0,iseenese
iseenestel,P,0,iseenese
iseendil,P,0,iseenese
iseenestelt,P,0,iseenese
iseendilt,P,0,iseenese
iseenesteks,P,0,iseenese
iseendiks,P,0,iseenese
iseenesteni,P,0,iseenese
iseendini,P,0,iseenese
iseenestena,P,0,iseenese
iseendina,P,0,iseenese
iseenesteta,P,0,iseenese
iseendita,P,0,iseenese
iseenestega,P,0,iseenese
iseendiga,P,0,iseenese
istumine-astumine,S,0,istumine-astumine
istumise-astumise,S,0,istumine-astumine
istumist-astumist,S,0,istumine-astumine
istumisesse-astumisesse,S,0,istumine-astumine
istumises-astumises,S,0,istumine-astumine
istumisest-astumisest,S,0,istumine-astumine
istumisele-astumisele,S,0,istumine-astumine
istumisel-astumisel,S,0,istumine-astumine
istumiselt-astumiselt,S,0,istumine-astumine
istumiseks-astumiseks,S,0,istumine-astumine
istumise-astumiseni,S,0,istumine-astumine
istumise-astumisena,S,0,istumine-astumine
istumise-astumiseta,S,0,istumine-astumine
istumise-astumisega,S,0,istumine-astumine
istumisse-astumisse,S,0,istumine-astumine
istumised-astumised,S,0,istumine-astumine
istumiste-astumiste,S,0,istumine-astumine
istumisi-astumisi,S,0,istumine-astumine
istumistesse-astumistesse,S,0,istumine-astumine
istumistes-astumistes,S,0,istumine-astumine
istumistest-astumistest,S,0,istumine-astumine
istumistele-astumistele,S,0,istumine-astumine
istumistel-astumistel,S,0,istumine-astumine
istumistelt-astumistelt,S,0,istumine-astumine
istumisteks-astumisteks,S,0,istumine-astumine
istumiste-astumisteni,S,0,istumine-astumine
istumiste-astumistena,S,0,istumine-astumine
istumiste-astumisteta,S,0,istumine-astumine
istumiste-astumistega,S,0,istumine-astumine
keegi,P,0,keegi
kellegi,P,0,keegi
kedagi,P,0,keegi
kellessegi,P,0,keegi
kelleski,P,0,keegi
kellestki,P,0,keegi
kellelegi,P,0,keegi
kellelgi,P,0,keegi
kelleltki,P,0,keegi
kellekski,P,0,keegi
kellenigi,P,0,keegi
kellenagi,P,0,keegi
kelletagi,P,0,keegi
kellegagi,P,0,keegi
kes,P,0,kes
kelle,P,0,kes
keda,P,0,kes
kellesse,P,0,kes
kelles,P,0,kes
kellest,P,0,kes
kellele,P,0,kes
kellel,P,0,kes
kel,P,0,kes
kellelt,P,0,kes
kelt,P,0,kes
kelleks,P,0,kes
kelleni,P,0,kes
kellena,P,0,kes
kelleta,P,0,kes
kellega,P,0,kes
kes,P,0,kes
kellede,P,0,kes
kelle,P,0,kes
keda,P,0,kes
kelledesse,P,0,kes
kellesse,P,0,kes
kelledes,P,0,kes
kelles,P,0,kes
kelledest,P,0,kes
kellest,P,0,kes
kelledele,P,0,kes
kellele,P,0,kes
kelledel,P,0,kes
kellel,P,0,kes
kelledelt,P,0,kes
kellelt,P,0,kes
kelledeks,P,0,kes
kelleks,P,0,kes
kelledeni,P,0,kes
kelleni,P,0,kes
kelledena,P,0,kes
kellena,P,0,kes
kelledeta,P,0,kes
kelleta,P,0,kes
kelledega,P,0,kes
kellega,P,0,kes
kibin-kabin,S,0,kibin-kabin
kibina-kabina,S,0,kibin-kabin
kibinat-kabinat,S,0,kibin-kabin
kibinasse-kabinasse,S,0,kibin-kabin
kibinas-kabinas,S,0,kibin-kabin
kibinast-kabinast,S,0,kibin-kabin
kibinale-kabinale,S,0,kibin-kabin
kibinal-kabinal,S,0,kibin-kabin
kibinalt-kabinalt,S,0,kibin-kabin
kibinaks-kabinaks,S,0,kibin-kabin
kibina-kabinani,S,0,kibin-kabin
kibina-kabinana,S,0,kibin-kabin
kibina-kabinata,S,0,kibin-kabin
kibina-kabinaga,S,0,kibin-kabin
kibinad-kabinad,S,0,kibin-kabin
kibinate-kabinate,S,0,kibin-kabin
kibinaid-kabinaid,S,0,kibin-kabin
kibinatesse-kabinatesse,S,0,kibin-kabin
kibinates-kabinates,S,0,kibin-kabin
kibinatest-kabinatest,S,0,kibin-kabin
kibinatele-kabinatele,S,0,kibin-kabin
kibinatel-kabinatel,S,0,kibin-kabin
kibinatest-kabinatelt,S,0,kibin-kabin
kibinateks-kabinateks,S,0,kibin-kabin
kibinate-kabinateni,S,0,kibin-kabin
kibinate-kabinatena,S,0,kibin-kabin
kibinate-kabinateta,S,0,kibin-kabin
kibinate-kabinatega,S,0,kibin-kabin
kigin-kägin,S,0,kigin-kägin
kigina-kägina,S,0,kigin-kägin
kiginat-käginat,S,0,kigin-kägin
kiginasse-käginasse,S,0,kigin-kägin
kiginas-käginas,S,0,kigin-kägin
kiginast-käginast,S,0,kigin-kägin
kiginale-käginale,S,0,kigin-kägin
kiginal-käginal,S,0,kigin-kägin
kiginalt-käginalt,S,0,kigin-kägin
kiginaks-käginaks,S,0,kigin-kägin
kigina-käginani,S,0,kigin-kägin
kigina-käginana,S,0,kigin-kägin
kigina-käginata,S,0,kigin-kägin
kigina-käginaga,S,0,kigin-kägin
kiginad-käginad,S,0,kigin-kägin
kiginate-käginate,S,0,kigin-kägin
kiginaid-käginaid,S,0,kigin-kägin
kiginatesse-käginatesse,S,0,kigin-kägin
kiginates-käginates,S,0,kigin-kägin
kiginatest-käginatest,S,0,kigin-kägin
kiginatele-käginatele,S,0,kigin-kägin
kiginatel-käginatel,S,0,kigin-kägin
kiginatest-käginatelt,S,0,kigin-kägin
kiginateks-käginateks,S,0,kigin-kägin
kiginate-käginateni,S,0,kigin-kägin
kiginate-käginatena,S,0,kigin-kägin
kiginate-käginateta,S,0,kigin-kägin
kiginate-käginatega,S,0,kigin-kägin
kihin-kahin,S,0,kihin-kahin
kihina-kahina,S,0,kihin-kahin
kihinat-kahinat,S,0,kihin-kahin
kihinasse-kahinasse,S,0,kihin-kahin
kihinas-kahinas,S,0,kihin-kahin
kihinast-kahinast,S,0,kihin-kahin
kihinale-kahinale,S,0,kihin-kahin
kihinal-kahinal,S,0,kihin-kahin
kihinalt-kahinalt,S,0,kihin-kahin
kihinaks-kahinaks,S,0,kihin-kahin
kihina-kahinani,S,0,kihin-kahin
kihina-kahinana,S,0,kihin-kahin
kihina-kahinata,S,0,kihin-kahin
kihina-kahinaga,S,0,kihin-kahin
kihinad-kahinad,S,0,kihin-kahin
kihinate-kahinate,S,0,kihin-kahin
kihinaid-kahinaid,S,0,kihin-kahin
kihinatesse-kahinatesse,S,0,kihin-kahin
kihinates-kahinates,S,0,kihin-kahin
kihinatest-kahinatest,S,0,kihin-kahin
kihinatele-kahinatele,S,0,kihin-kahin
kihinatel-kahinatel,S,0,kihin-kahin
kihinatest-kahinatelt,S,0,kihin-kahin
kihinateks-kahinateks,S,0,kihin-kahin
kihinate-kahinateni,S,0,kihin-kahin
kihinate-kahinatena,S,0,kihin-kahin
kihinate-kahinateta,S,0,kihin-kahin
kihinate-kahinatega,S,0,kihin-kahin
kilin-kolin,S,0,kilin-kolin
kilina-kolina,S,0,kilin-kolin
kilinat-kolinat,S,0,kilin-kolin
kilinasse-kolinasse,S,0,kilin-kolin
kilinas-kolinas,S,0,kilin-kolin
kilinast-kolinast,S,0,kilin-kolin
kilinale-kolinale,S,0,kilin-kolin
kilinal-kolinal,S,0,kilin-kolin
kilinalt-kolinalt,S,0,kilin-kolin
kilinaks-kolinaks,S,0,kilin-kolin
kilina-kolinani,S,0,kilin-kolin
kilina-kolinana,S,0,kilin-kolin
kilina-kolinata,S,0,kilin-kolin
kilina-kolinaga,S,0,kilin-kolin
kilinad-kolinad,S,0,kilin-kolin
kilinate-kolinate,S,0,kilin-kolin
kilinaid-kolinaid,S,0,kilin-kolin
kilinatesse-kolinatesse,S,0,kilin-kolin
kilinates-kolinates,S,0,kilin-kolin
kilinatest-kolinatest,S,0,kilin-kolin
kilinatele-kolinatele,S,0,kilin-kolin
kilinatel-kolinatel,S,0,kilin-kolin
kilinatest-kolinatelt,S,0,kilin-kolin
kilinateks-kolinateks,S,0,kilin-kolin
kilinate-kolinateni,S,0,kilin-kolin
kilinate-kolinatena,S,0,kilin-kolin
kilinate-kolinateta,S,0,kilin-kolin
kilinate-kolinatega,S,0,kilin-kolin
kilin-kõlin,S,0,kilin-kõlin
kilina-kõlina,S,0,kilin-kõlin
kilinat-kõlinat,S,0,kilin-kõlin
kilinasse-kõlinasse,S,0,kilin-kõlin
kilinas-kõlinas,S,0,kilin-kõlin
kilinast-kõlinast,S,0,kilin-kõlin
kilinale-kõlinale,S,0,kilin-kõlin
kilinal-kõlinal,S,0,kilin-kõlin
kilinalt-kõlinalt,S,0,kilin-kõlin
kilinaks-kõlinaks,S,0,kilin-kõlin
kilina-kõlinani,S,0,kilin-kõlin
kilina-kõlinana,S,0,kilin-kõlin
kilina-kõlinata,S,0,kilin-kõlin
kilina-kõlinaga,S,0,kilin-kõlin
kilinad-kõlinad,S,0,kilin-kõlin
kilinate-kõlinate,S,0,kilin-kõlin
kilinaid-kõlinaid,S,0,kilin-kõlin
kilinatesse-kõlinatesse,S,0,kilin-kõlin
kilinates-kõlinates,S,0,kilin-kõlin
kilinatest-kõlinatest,S,0,kilin-kõlin
kilinatele-kõlinatele,S,0,kilin-kõlin
kilinatel-kõlinatel,S,0,kilin-kõlin
kilinatest-kõlinatelt,S,0,kilin-kõlin
kilinateks-kõlinateks,S,0,kilin-kõlin
kilinate-kõlinateni,S,0,kilin-kõlin
kilinate-kõlinatena,S,0,kilin-kõlin
kilinate-kõlinateta,S,0,kilin-kõlin
kilinate-kõlinatega,S,0,kilin-kõlin
kimpsud-kompsud,S,0,kimpsud-kompsud
kimpsude-kompsude,S,0,kimpsud-kompsud
kimpsusid-kompsusid,S,0,kimpsud-kompsud
kimpse-kompse,S,0,kimpsud-kompsud
kimpsudesse-kompsudesse,S,0,kimpsud-kompsud
kimpsudes-kompsudes,S,0,kimpsud-kompsud
kimpsudest-kompsudest,S,0,kimpsud-kompsud
kimpsudele-kompsudele,S,0,kimpsud-kompsud
kimpsudel-kompsudel,S,0,kimpsud-kompsud
kimpsudelt-kompsudelt,S,0,kimpsud-kompsud
kimpsudeks-kompsudeks,S,0,kimpsud-kompsud
kimpsude-kompsudeni,S,0,kimpsud-kompsud
kimpsude-kompsudena,S,0,kimpsud-kompsud
kimpsude-kompsudeta,S,0,kimpsud-kompsud
kimpsude-kompsudega,S,0,kimpsud-kompsud
kirin-kärin,S,0,kirin-kärin
kirina-kärina,S,0,kirin-kärin
kirinat-kärinat,S,0,kirin-kärin
kirinasse-kärinasse,S,0,kirin-kärin
kirinas-kärinas,S,0,kirin-kärin
kirinast-kärinast,S,0,kirin-kärin
kirinale-kärinale,S,0,kirin-kärin
kirinal-kärinal,S,0,kirin-kärin
kirinalt-kärinalt,S,0,kirin-kärin
kirinaks-kärinaks,S,0,kirin-kärin
kirina-kärinani,S,0,kirin-kärin
kirina-kärinana,S,0,kirin-kärin
kirina-kärinata,S,0,kirin-kärin
kirina-kärinaga,S,0,kirin-kärin
kirinad-kärinad,S,0,kirin-kärin
kirinate-kärinate,S,0,kirin-kärin
kirinaid-kärinaid,S,0,kirin-kärin
kirinatesse-kärinatesse,S,0,kirin-kärin
kirinates-kärinates,S,0,kirin-kärin
kirinatest-kärinatest,S,0,kirin-kärin
kirinatele-kärinatele,S,0,kirin-kärin
kirinatel-kärinatel,S,0,kirin-kärin
kirinatest-kärinatelt,S,0,kirin-kärin
kirinateks-kärinateks,S,0,kirin-kärin
kirinate-kärinateni,S,0,kirin-kärin
kirinate-kärinatena,S,0,kirin-kärin
kirinate-kärinateta,S,0,kirin-kärin
kirinate-kärinatega,S,0,kirin-kärin
klibin-klobin,S,0,klibin-klobin
klibina-klobina,S,0,klibin-klobin
klibinat-klobinat,S,0,klibin-klobin
klibinasse-klobinasse,S,0,klibin-klobin
klibinas-klobinas,S,0,klibin-klobin
klibinast-klobinast,S,0,klibin-klobin
klibinale-klobinale,S,0,klibin-klobin
klibinal-klobinal,S,0,klibin-klobin
klibinalt-klobinalt,S,0,klibin-klobin
klibinaks-klobinaks,S,0,klibin-klobin
klibina-klobinani,S,0,klibin-klobin
klibina-klobinana,S,0,klibin-klobin
klibina-klobinata,S,0,klibin-klobin
klibina-klobinaga,S,0,klibin-klobin
klibinad-klobinad,S,0,klibin-klobin
klibinate-klobinate,S,0,klibin-klobin
klibinaid-klobinaid,S,0,klibin-klobin
klibinatesse-klobinatesse,S,0,klibin-klobin
klibinates-klobinates,S,0,klibin-klobin
klibinatest-klobinatest,S,0,klibin-klobin
klibinatele-klobinatele,S,0,klibin-klobin
klibinatel-klobinatel,S,0,klibin-klobin
klibinatest-klobinatelt,S,0,klibin-klobin
klibinateks-klobinateks,S,0,klibin-klobin
klibinate-klobinateni,S,0,klibin-klobin
klibinate-klobinatena,S,0,klibin-klobin
klibinate-klobinateta,S,0,klibin-klobin
klibinate-klobinatega,S,0,klibin-klobin
kopsud-maksad,S,0,kopsud-maksad
kopsude-maksade,S,0,kopsud-maksad
kopsusid-maksasid,S,0,kopsud-maksad
kopse-maksu,S,0,kopsud-maksad
kopsudesse-maksadesse,S,0,kopsud-maksad
kopsudes-maksades,S,0,kopsud-maksad
kopsudest-maksadest,S,0,kopsud-maksad
kopsudele-maksadele,S,0,kopsud-maksad
kopsudel-maksadel,S,0,kopsud-maksad
kopsudelt-maksadelt,S,0,kopsud-maksad
kopsudeks-maksadeks,S,0,kopsud-maksad
kopsude-maksadeni,S,0,kopsud-maksad
kopsude-maksadena,S,0,kopsud-maksad
kopsude-maksadeta,S,0,kopsud-maksad
kopsude-maksadega,S,0,kopsud-maksad
kumbki,P,0,kumbki
kummagi,P,0,kumbki
kumbagi,P,0,kumbki
kummassegi,P,0,kumbki
kummaski,P,0,kumbki
kummastki,P,0,kumbki
kummalegi,P,0,kumbki
kummalgi,P,0,kumbki
kummaltki,P,0,kumbki
kummakski,P,0,kumbki
kummanigi,P,0,kumbki
kummanagi,P,0,kumbki
kummatagi,P,0,kumbki
kummagagi,P,0,kumbki
kumbagi,P,0,kumbki
kõik,P,0,kõik
kõige,P,0,kõik
kõike,P,0,kõik
kõigesse,P,0,kõik
kõiges,P,0,kõik
kõigest,P,0,kõik
kõigele,P,0,kõik
kõigel,P,0,kõik
kõigelt,P,0,kõik
kõigeks,P,0,kõik
kõigeni,P,0,kõik
kõigena,P,0,kõik
kõigeta,P,0,kõik
kõigega,P,0,kõik
kõike,P,0,kõik
kõik,P,0,kõik
kõikide,P,0,kõik
kõigi,P,0,kõik
kõikisid,P,0,kõik
kõiki,P,0,kõik
kõikidesse,P,0,kõik
kõigisse,P,0,kõik
kõikides,P,0,kõik
kõigis,P,0,kõik
kõikidest,P,0,kõik
kõigist,P,0,kõik
kõikidele,P,0,kõik
kõigile,P,0,kõik
kõikidel,P,0,kõik
kõigil,P,0,kõik
kõikidelt,P,0,kõik
kõigilt,P,0,kõik
kõikideks,P,0,kõik
kõigiks,P,0,kõik
kõikideni,P,0,kõik
kõigini,P,0,kõik
kõikidena,P,0,kõik
kõigina,P,0,kõik
kõikideta,P,0,kõik
kõigita,P,0,kõik
kõikidega,P,0,kõik
kõigiga,P,0,kõik
lapselapselaps,S,0,lapselapselaps
lapselapselapse,S,0,lapselapselaps
lapselapselast,S,0,lapselapselaps
lapselapselapsesse,S,0,lapselapselaps
lapselapselapses,S,0,lapselapselaps
lapselapselapsest,S,0,lapselapselaps
lapselapselapsele,S,0,lapselapselaps
lapselapselapsel,S,0,lapselapselaps
lapselapselapselt,S,0,lapselapselaps
lapselapselapseks,S,0,lapselapselaps
lapselapselapseni,S,0,lapselapselaps
lapselapselapsena,S,0,lapselapselaps
lapselapselapseta,S,0,lapselapselaps
lapselapselapsega,S,0,lapselapselaps
lapselapselapsed,S,0,lapselapselaps
lastelastelaste,S,0,lapselapselaps
lapselapselapsi,S,0,lapselapselaps
lastelastelastesse,S,0,lapselapselaps
lastelastelastes,S,0,lapselapselaps
lastelastelastest,S,0,lapselapselaps
lastelastelastele,S,0,lapselapselaps
lastelastelastel,S,0,lapselapselaps
lastelastelastelt,S,0,lapselapselaps
lastelastelasteks,S,0,lapselapselaps
lastelastelasteni,S,0,lapselapselaps
lastelastelastena,S,0,lapselapselaps
lastelastelasteta,S,0,lapselapselaps
lastelastelastega,S,0,lapselapselaps
lapselaps,S,0,lapselaps
lapselapse,S,0,lapselaps
lapselast,S,0,lapselaps
lapselapsesse,S,0,lapselaps
lapselapses,S,0,lapselaps
lapselapsest,S,0,lapselaps
lapselapsele,S,0,lapselaps
lapselapsel,S,0,lapselaps
lapselapselt,S,0,lapselaps
lapselapseks,S,0,lapselaps
lapselapseni,S,0,lapselaps
lapselapsena,S,0,lapselaps
lapselapseta,S,0,lapselaps
lapselapsega,S,0,lapselaps
lapselapsed,S,0,lapselaps
lastelaste,S,0,lapselaps
lapselapsi,S,0,lapselaps
lastelastesse,S,0,lapselaps
lastelastes,S,0,lapselaps
lastelastest,S,0,lapselaps
lastelastele,S,0,lapselaps
lastelastel,S,0,lapselaps
lastelastelt,S,0,lapselaps
lastelasteks,S,0,lapselaps
lastelasteni,S,0,lapselaps
lastelastena,S,0,lapselaps
lastelasteta,S,0,lapselaps
lastelastega,S,0,lapselaps
luud-kondid,S,0,luud-kondid
luude-kontide,S,0,luud-kondid
luid-konte,S,0,luud-kondid
luudesse-kontidesse,S,0,luud-kondid
luudes-kontides,S,0,luud-kondid
luudest-kontidest,S,0,luud-kondid
luudele-kontidele,S,0,luud-kondid
luudel-kontidel,S,0,luud-kondid
luudelt-kontidelt,S,0,luud-kondid
luudeks-kontideks,S,0,luud-kondid
luude-kontideni,S,0,luud-kondid
luude-kontidena,S,0,luud-kondid
luude-kontideta,S,0,luud-kondid
luude-kontidega,S,0,luud-kondid
luud-liikmed,S,0,luud-liikmed
luude-liikmete,S,0,luud-liikmed
luid-liikmeid,S,0,luud-liikmed
luudesse-liikmetesse,S,0,luud-liikmed
luisse-liikmeisse,S,0,luud-liikmed
luudes-liikmetes,S,0,luud-liikmed
luis-liikmeis,S,0,luud-liikmed
luudest-liikmetest,S,0,luud-liikmed
luist-liikmeist,S,0,luud-liikmed
luudele-liikmetele,S,0,luud-liikmed
luile-liikmeile,S,0,luud-liikmed
luudel-liikmetel,S,0,luud-liikmed
luil-liikmeil,S,0,luud-liikmed
luudelt-liikmetelt,S,0,luud-liikmed
luilt-liikmeilt,S,0,luud-liikmed
luudeks-liikmeteks,S,0,luud-liikmed
luiks-liikmeiks,S,0,luud-liikmed
luude-liikmeteni,S,0,luud-liikmed
luude-liikmetena,S,0,luud-liikmed
luude-liikmeteta,S,0,luud-liikmed
luude-liikmetega,S,0,luud-liikmed
mina,P,0,mina
ma,P,0,mina
minu,P,0,mina
mu,P,0,mina
mind,P,0,mina
minusse,P,0,mina
musse,P,0,mina
minus,P,0,mina
mus,P,0,mina
minust,P,0,mina
must,P,0,mina
minule,P,0,mina
mulle,P,0,mina
minul,P,0,mina
mul,P,0,mina
minult,P,0,mina
mult,P,0,mina
minuks,P,0,mina
minuni,P,0,mina
minuna,P,0,mina
minuta,P,0,mina
minuga,P,0,mina
muga,P,0,mina
meie,P,0,mina
me,P,0,mina
meie,P,0,mina
me,P,0,mina
meid,P,0,mina
meisse,P,0,mina
meis,P,0,mina
meist,P,0,mina
meile,P,0,mina
meil,P,0,mina
meilt,P,0,mina
meiks,P,0,mina
meieks,P,0,mina
meieni,P,0,mina
meiena,P,0,mina
meieta,P,0,mina
meiega,P,0,mina
mina,P,0,mina
meite,P,0,mina
meitesid,P,0,mina
meitesse,P,0,mina
meites,P,0,mina
meitest,P,0,mina
meitele,P,0,mina
meitel,P,0,mina
meitelt,P,0,mina
meiteks,P,0,mina
meiteni,P,0,mina
meitena,P,0,mina
meiteta,P,0,mina
meitega,P,0,mina
miski,P,0,miski
millegi,P,0,miski
midagi,P,0,miski
millessegi,P,0,miski
milleski,P,0,miski
millestki,P,0,miski
millelegi,P,0,miski
millelgi,P,0,miski
milleltki,P,0,miski
millekski,P,0,miski
millenigi,P,0,miski
millenagi,P,0,miski
milletagi,P,0,miski
millegagi,P,0,miski
mis,P,0,mis
mille,P,0,mis
mida,P,0,mis
millesse,P,0,mis
milles,P,0,mis
millest,P,0,mis
millele,P,0,mis
millel,P,0,mis
mil,P,0,mis
millelt,P,0,mis
milt,P,0,mis
milleks,P,0,mis
milleni,P,0,mis
millena,P,0,mis
milleta,P,0,mis
millega,P,0,mis
mis,P,0,mis
millede,P,0,mis
mille,P,0,mis
mida,P,0,mis
milledesse,P,0,mis
millesse,P,0,mis
milledes,P,0,mis
milles,P,0,mis
milledest,P,0,mis
millest,P,0,mis
milledele,P,0,mis
millele,P,0,mis
milledel,P,0,mis
millel,P,0,mis
milledelt,P,0,mis
millelt,P,0,mis
milledeks,P,0,mis
milleks,P,0,mis
milledeni,P,0,mis
milleni,P,0,mis
milledena,P,0,mis
millena,P,0,mis
milledeta,P,0,mis
milleta,P,0,mis
milledega,P,0,mis
millega,P,0,mis
mitu-setu,P,0,mitu-setu
mitme-setme,P,0,mitu-setu
mitut-setut,P,0,mitu-setu
mitmesse-setmesse,P,0,mitu-setu
mitmes-setmes,P,0,mitu-setu
mitmest-setmest,P,0,mitu-setu
mitmele-setmele,P,0,mitu-setu
mitmel-setmel,P,0,mitu-setu
mitmelt-setmelt,P,0,mitu-setu
mitmeks-setmeks,P,0,mitu-setu
mitme-setmeni,P,0,mitu-setu
mitme-setmena,P,0,mitu-setu
mitme-setmeta,P,0,mitu-setu
mitme-setmega,P,0,mitu-setu
mitmed-setmed,P,0,mitu-setu
mitmete-setmete,P,0,mitu-setu
mitmeid-setmeid,P,0,mitu-setu
mitmetesse-setmetesse,P,0,mitu-setu
mitmeisse-setmeisse,P,0,mitu-setu
mitmetes-setmetes,P,0,mitu-setu
mitmeis-setmeis,P,0,mitu-setu
mitmetest-setmetest,P,0,mitu-setu
mitmeist-setmeist,P,0,mitu-setu
mitmetele-setmetele,P,0,mitu-setu
mitmeile-setmeile,P,0,mitu-setu
mitmetel-setmetel,P,0,mitu-setu
mitmeil-setmeil,P,0,mitu-setu
mitmetelt-setmetelt,P,0,mitu-setu
mitmeilt-setmeilt,P,0,mitu-setu
mitmeteks-setmeteks,P,0,mitu-setu
mitmeiks-setmeiks,P,0,mitu-setu
mitmete-setmeteni,P,0,mitu-setu
mitmete-setmetena,P,0,mitu-setu
mitmete-setmeteta,P,0,mitu-setu
mitmete-setmetega,P,0,mitu-setu
omaenese,P,0,omaenese
omaenda,P,0,omaenese
omaeneste,P,0,omaenese
omaendi,P,0,omaenese
prigin-pragin,S,0,prigin-pragin
prigina-pragina,S,0,prigin-pragin
priginat-praginat,S,0,prigin-pragin
priginasse-praginasse,S,0,prigin-pragin
priginas-praginas,S,0,prigin-pragin
priginast-praginast,S,0,prigin-pragin
priginale-praginale,S,0,prigin-pragin
priginal-praginal,S,0,prigin-pragin
priginalt-praginalt,S,0,prigin-pragin
priginaks-praginaks,S,0,prigin-pragin
prigina-praginani,S,0,prigin-pragin
prigina-praginana,S,0,prigin-pragin
prigina-praginata,S,0,prigin-pragin
prigina-praginaga,S,0,prigin-pragin
priginad-praginad,S,0,prigin-pragin
priginate-praginate,S,0,prigin-pragin
priginaid-praginaid,S,0,prigin-pragin
priginatesse-praginatesse,S,0,prigin-pragin
priginates-praginates,S,0,prigin-pragin
priginatest-praginatest,S,0,prigin-pragin
priginatele-praginatele,S,0,prigin-pragin
priginatel-praginatel,S,0,prigin-pragin
priginatest-praginatelt,S,0,prigin-pragin
priginateks-praginateks,S,0,prigin-pragin
priginate-praginateni,S,0,prigin-pragin
priginate-praginatena,S,0,prigin-pragin
priginate-praginateta,S,0,prigin-pragin
priginate-praginatega,S,0,prigin-pragin
rigin-ragin,S,0,rigin-ragin
rigina-ragina,S,0,rigin-ragin
riginat-raginat,S,0,rigin-ragin
riginasse-raginasse,S,0,rigin-ragin
riginas-raginas,S,0,rigin-ragin
riginast-raginast,S,0,rigin-ragin
riginale-raginale,S,0,rigin-ragin
riginal-raginal,S,0,rigin-ragin
riginalt-raginalt,S,0,rigin-ragin
riginaks-raginaks,S,0,rigin-ragin
rigina-raginani,S,0,rigin-ragin
rigina-raginana,S,0,rigin-ragin
rigina-raginata,S,0,rigin-ragin
rigina-raginaga,S,0,rigin-ragin
riginad-raginad,S,0,rigin-ragin
riginate-raginate,S,0,rigin-ragin
riginaid-raginaid,S,0,rigin-ragin
riginatesse-raginatesse,S,0,rigin-ragin
riginates-raginates,S,0,rigin-ragin
riginatest-raginatest,S,0,rigin-ragin
riginatele-raginatele,S,0,rigin-ragin
riginatel-raginatel,S,0,rigin-ragin
riginatest-raginatelt,S,0,rigin-ragin
riginateks-raginateks,S,0,rigin-ragin
riginate-raginateni,S,0,rigin-ragin
riginate-raginatena,S,0,rigin-ragin
riginate-raginateta,S,0,rigin-ragin
riginate-raginatega,S,0,rigin-ragin
seesamane,P,0,seesamane
sellesamase,P,0,seesamane
sedasamast,P,0,seesamane
sellessesamasesse,P,0,seesamane
sessesamasesse,P,0,seesamane
sellessamases,P,0,seesamane
sessamases,P,0,seesamane
sellestsamasest,P,0,seesamane
sestsamasest,P,0,seesamane
sellelesamasele,P,0,seesamane
sellelsamasel,P,0,seesamane
selsamasel,P,0,seesamane
selleltsamaselt,P,0,seesamane
seltsamaselt,P,0,seesamane
sellekssamaseks,P,0,seesamane
sekssamaseks,P,0,seesamane
sellesamaseni,P,0,seesamane
sellesamasena,P,0,seesamane
sellesamaseta,P,0,seesamane
sellesamasega,P,0,seesamane
needsamased,P,0,seesamane
nendesamaste,P,0,seesamane
neidsamaseid,P,0,seesamane
nendessesamastesse,P,0,seesamane
neissesamaseisse,P,0,seesamane
nendessamastes,P,0,seesamane
neissamaseis,P,0,seesamane
nendestsamastest,P,0,seesamane
neistsamaseist,P,0,seesamane
nendelesamastele,P,0,seesamane
nendelsamastel,P,0,seesamane
neilsamaseil,P,0,seesamane
nendeltsamastelt,P,0,seesamane
neiltsamaseilt,P,0,seesamane
nendekssamasteks,P,0,seesamane
neikssamaseiks,P,0,seesamane
nendesamasteni,P,0,seesamane
nendesamastena,P,0,seesamane
nendesamasteta,P,0,seesamane
nendesamastega,P,0,seesamane
seesama,P,0,seesama
sellesama,P,0,seesama
sedasama,P,0,seesama
sellessesamasse,P,0,seesama
sessesamasse,P,0,seesama
sellessamas,P,0,seesama
sessamas,P,0,seesama
sellestsamast,P,0,seesama
sestsamast,P,0,seesama
sellelesamale,P,0,seesama
sellelsamal,P,0,seesama
selsamal,P,0,seesama
selleltsamalt,P,0,seesama
seltsamalt,P,0,seesama
sellekssamaks,P,0,seesama
sekssamaks,P,0,seesama
sellesamani,P,0,seesama
sellesamana,P,0,seesama
sellesamata,P,0,seesama
sellesamaga,P,0,seesama
needsamad,P,0,seesama
nendesamade,P,0,seesama
neidsamu,P,0,seesama
nendessesamadesse,P,0,seesama
neissesamusse,P,0,seesama
nendessamades,P,0,seesama
neissamus,P,0,seesama
nendestsamadest,P,0,seesama
neistsamust,P,0,seesama
nendelesamadele,P,0,seesama
nendelsamadel,P,0,seesama
neilsamul,P,0,seesama
nendeltsamadelt,P,0,seesama
neiltsamult,P,0,seesama
nendekssamadeks,P,0,seesama
neikssamuks,P,0,seesama
nendesamadeni,P,0,seesama
nendesamadena,P,0,seesama
nendesamadeta,P,0,seesama
nendesamadega,P,0,seesama
seesamune,P,0,seesamune
sellesamuse,P,0,seesamune
sedasamust,P,0,seesamune
sellessesamusesse,P,0,seesamune
sessesamusesse,P,0,seesamune
sellessamuses,P,0,seesamune
sessamuses,P,0,seesamune
sellestsamusest,P,0,seesamune
sestsamusest,P,0,seesamune
sellelesamusele,P,0,seesamune
sellelsamusel,P,0,seesamune
selsamusel,P,0,seesamune
selleltsamuselt,P,0,seesamune
seltsamuselt,P,0,seesamune
sellekssamuseks,P,0,seesamune
sekssamuseks,P,0,seesamune
sellesamuseni,P,0,seesamune
sellesamusena,P,0,seesamune
sellesamuseta,P,0,seesamune
sellesamusega,P,0,seesamune
needsamused,P,0,seesamune
nendesamuste,P,0,seesamune
neidsamuseid,P,0,seesamune
nendessesamustesse,P,0,seesamune
neissesamuseisse,P,0,seesamune
nendessamustes,P,0,seesamune
neissamuseis,P,0,seesamune
nendestsamustest,P,0,seesamune
neistsamuseist,P,0,seesamune
nendelesamustele,P,0,seesamune
nendelsamustel,P,0,seesamune
neilsamuseil,P,0,seesamune
nendeltsamustelt,P,0,seesamune
neiltsamuseilt,P,0,seesamune
nendekssamusteks,P,0,seesamune
neikssamuseiks,P,0,seesamune
nendesamusteni,P,0,seesamune
nendesamustena,P,0,seesamune
nendesamusteta,P,0,seesamune
nendesamustega,P,0,seesamune
see,P,0,see
selle,P,0,see
seda,P,0,see
sellesse,P,0,see
sesse,P,0,see
selles,P,0,see
ses,P,0,see
sellest,P,0,see
sest,P,0,see
sellele,P,0,see
sellel,P,0,see
sel,P,0,see
sellelt,P,0,see
selt,P,0,see
selleks,P,0,see
seks,P,0,see
selleni,P,0,see
sellena,P,0,see
selleta,P,0,see
sellega,P,0,see
need,P,0,see
nende,P,0,see
neid,P,0,see
nendesse,P,0,see
neisse,P,0,see
nendes,P,0,see
neis,P,0,see
nendest,P,0,see
neist,P,0,see
nendele,P,0,see
neile,P,0,see
nendel,P,0,see
neil,P,0,see
nendelt,P,0,see
neilt,P,0,see
nendeks,P,0,see
neiks,P,0,see
nendeni,P,0,see
nendena,P,0,see
nendeta,P,0,see
nendega,P,0,see
seesinane,P,0,seesinane
sellesinase,P,0,seesinane
sedasinast,P,0,seesinane
sellessesinasesse,P,0,seesinane
sessesinasesse,P,0,seesinane
sellessinases,P,0,seesinane
sessinases,P,0,seesinane
sellestsinasest,P,0,seesinane
sestsinasest,P,0,seesinane
sellelesinasele,P,0,seesinane
sellelsinasel,P,0,seesinane
selsinasel,P,0,seesinane
selleltsinaselt,P,0,seesinane
seltsinaselt,P,0,seesinane
sellekssinaseks,P,0,seesinane
sekssinaseks,P,0,seesinane
sellesinaseni,P,0,seesinane
sellesinasena,P,0,seesinane
sellesinaseta,P,0,seesinane
sellesinasega,P,0,seesinane
needsinased,P,0,seesinane
nendesinaste,P,0,seesinane
neidsinaseid,P,0,seesinane
nendessesinastesse,P,0,seesinane
neissesinaseisse,P,0,seesinane
nendessinastes,P,0,seesinane
neissinaseis,P,0,seesinane
nendestsinastest,P,0,seesinane
neistsinaseist,P,0,seesinane
nendelesinastele,P,0,seesinane
nendelsinastel,P,0,seesinane
neilsinaseil,P,0,seesinane
nendeltsinastelt,P,0,seesinane
neiltsinaseilt,P,0,seesinane
nendekssinasteks,P,0,seesinane
neikssinaseiks,P,0,seesinane
nendesinasteni,P,0,seesinane
nendesinastena,P,0,seesinane
nendesinasteta,P,0,seesinane
nendesinastega,P,0,seesinane
seesinane,P,0,seesinane
sellesinatse,P,0,seesinane
sedasinast,P,0,seesinane
sellessesinatsesse,P,0,seesinane
sessesinatsesse,P,0,seesinane
sellessinatses,P,0,seesinane
sessinatses,P,0,seesinane
sellestsinatsest,P,0,seesinane
sestsinatsest,P,0,seesinane
sellelesinatsele,P,0,seesinane
sellelsinatsel,P,0,seesinane
selsinatsel,P,0,seesinane
selleltsinatselt,P,0,seesinane
seltsinatselt,P,0,seesinane
sellekssinatseks,P,0,seesinane
sekssinatseks,P,0,seesinane
sellesinatseni,P,0,seesinane
sellesinatsena,P,0,seesinane
sellesinatseta,P,0,seesinane
sellesinatsega,P,0,seesinane
needsinatsed,P,0,seesinane
nendesinaste,P,0,seesinane
neidsinatseid,P,0,seesinane
nendessesinastesse,P,0,seesinane
neissesinaseisse,P,0,seesinane
nendessinastes,P,0,seesinane
neissinaseis,P,0,seesinane
nendestsinastest,P,0,seesinane
neistsinaseist,P,0,seesinane
nendelesinastele,P,0,seesinane
nendelsinastel,P,0,seesinane
neilsinaseil,P,0,seesinane
nendeltsinastelt,P,0,seesinane
neiltsinaseilt,P,0,seesinane
nendekssinasteks,P,0,seesinane
neikssinaseiks,P,0,seesinane
nendesinasteni,P,0,seesinane
nendesinastena,P,0,seesinane
nendesinasteta,P,0,seesinane
nendesinastega,P,0,seesinane
sidin-sädin,S,0,sidin-sädin
sidina-sädina,S,0,sidin-sädin
sidinat-sädinat,S,0,sidin-sädin
sidinasse-sädinasse,S,0,sidin-sädin
sidinas-sädinas,S,0,sidin-sädin
sidinast-sädinast,S,0,sidin-sädin
sidinale-sädinale,S,0,sidin-sädin
sidinal-sädinal,S,0,sidin-sädin
sidinalt-sädinalt,S,0,sidin-sädin
sidinaks-sädinaks,S,0,sidin-sädin
sidina-sädinani,S,0,sidin-sädin
sidina-sädinana,S,0,sidin-sädin
sidina-sädinata,S,0,sidin-sädin
sidina-sädinaga,S,0,sidin-sädin
sidinad-sädinad,S,0,sidin-sädin
sidinate-sädinate,S,0,sidin-sädin
sidinaid-sädinaid,S,0,sidin-sädin
sidinatesse-sädinatesse,S,0,sidin-sädin
sidinates-sädinates,S,0,sidin-sädin
sidinatest-sädinatest,S,0,sidin-sädin
sidinatele-sädinatele,S,0,sidin-sädin
sidinatel-sädinatel,S,0,sidin-sädin
sidinatest-sädinatelt,S,0,sidin-sädin
sidinateks-sädinateks,S,0,sidin-sädin
sidinate-sädinateni,S,0,sidin-sädin
sidinate-sädinatena,S,0,sidin-sädin
sidinate-sädinateta,S,0,sidin-sädin
sidinate-sädinatega,S,0,sidin-sädin
sigin-sagin,S,0,sigin-sagin
sigina-sagina,S,0,sigin-sagin
siginat-saginat,S,0,sigin-sagin
siginasse-saginasse,S,0,sigin-sagin
siginas-saginas,S,0,sigin-sagin
siginast-saginast,S,0,sigin-sagin
siginale-saginale,S,0,sigin-sagin
siginal-saginal,S,0,sigin-sagin
siginalt-saginalt,S,0,sigin-sagin
siginaks-saginaks,S,0,sigin-sagin
sigina-saginani,S,0,sigin-sagin
sigina-saginana,S,0,sigin-sagin
sigina-saginata,S,0,sigin-sagin
sigina-saginaga,S,0,sigin-sagin
siginad-saginad,S,0,sigin-sagin
siginate-saginate,S,0,sigin-sagin
siginaid-saginaid,S,0,sigin-sagin
siginatesse-saginatesse,S,0,sigin-sagin
siginates-saginates,S,0,sigin-sagin
siginatest-saginatest,S,0,sigin-sagin
siginatele-saginatele,S,0,sigin-sagin
siginatel-saginatel,S,0,sigin-sagin
siginatest-saginatelt,S,0,sigin-sagin
siginateks-saginateks,S,0,sigin-sagin
siginate-saginateni,S,0,sigin-sagin
siginate-saginatena,S,0,sigin-sagin
siginate-saginateta,S,0,sigin-sagin
siginate-saginatega,S,0,sigin-sagin
sihin-sahin,S,0,sihin-sahin
sihina-sahina,S,0,sihin-sahin
sihinat-sahinat,S,0,sihin-sahin
sihinasse-sahinasse,S,0,sihin-sahin
sihinas-sahinas,S,0,sihin-sahin
sihinast-sahinast,S,0,sihin-sahin
sihinale-sahinale,S,0,sihin-sahin
sihinal-sahinal,S,0,sihin-sahin
sihinalt-sahinalt,S,0,sihin-sahin
sihinaks-sahinaks,S,0,sihin-sahin
sihina-sahinani,S,0,sihin-sahin
sihina-sahinana,S,0,sihin-sahin
sihina-sahinata,S,0,sihin-sahin
sihina-sahinaga,S,0,sihin-sahin
sihinad-sahinad,S,0,sihin-sahin
sihinate-sahinate,S,0,sihin-sahin
sihinaid-sahinaid,S,0,sihin-sahin
sihinatesse-sahinatesse,S,0,sihin-sahin
sihinates-sahinates,S,0,sihin-sahin
sihinatest-sahinatest,S,0,sihin-sahin
sihinatele-sahinatele,S,0,sihin-sahin
sihinatel-sahinatel,S,0,sihin-sahin
sihinatest-sahinatelt,S,0,sihin-sahin
sihinateks-sahinateks,S,0,sihin-sahin
sihinate-sahinateni,S,0,sihin-sahin
sihinate-sahinatena,S,0,sihin-sahin
sihinate-sahinateta,S,0,sihin-sahin
sihinate-sahinatega,S,0,sihin-sahin
sina,P,0,sina
sa,P,0,sina
sinu,P,0,sina
su,P,0,sina
sind,P,0,sina
sinusse,P,0,sina
susse,P,0,sina
sinus,P,0,sina
sus,P,0,sina
sinust,P,0,sina
sust,P,0,sina
sinule,P,0,sina
sulle,P,0,sina
sinul,P,0,sina
sul,P,0,sina
sinult,P,0,sina
sult,P,0,sina
sinuks,P,0,sina
sinuni,P,0,sina
sinuna,P,0,sina
sinuta,P,0,sina
sinuga,P,0,sina
teie,P,0,sina
te,P,0,sina
teie,P,0,sina
te,P,0,sina
teid,P,0,sina
teisse,P,0,sina
teis,P,0,sina
teist,P,0,sina
teile,P,0,sina
teil,P,0,sina
teilt,P,0,sina
teieks,P,0,sina
teieni,P,0,sina
teiena,P,0,sina
teieta,P,0,sina
teiega,P,0,sina
sirin-sorin,S,0,sirin-sorin
sirina-sorina,S,0,sirin-sorin
sirinat-sorinat,S,0,sirin-sorin
sirinasse-sorinasse,S,0,sirin-sorin
sirinas-sorinas,S,0,sirin-sorin
sirinast-sorinast,S,0,sirin-sorin
sirinale-sorinale,S,0,sirin-sorin
sirinal-sorinal,S,0,sirin-sorin
sirinalt-sorinalt,S,0,sirin-sorin
sirinaks-sorinaks,S,0,sirin-sorin
sirina-sorinani,S,0,sirin-sorin
sirina-sorinana,S,0,sirin-sorin
sirina-sorinata,S,0,sirin-sorin
sirina-sorinaga,S,0,sirin-sorin
sirinad-sorinad,S,0,sirin-sorin
sirinate-sorinate,S,0,sirin-sorin
sirinaid-sorinaid,S,0,sirin-sorin
sirinatesse-sorinatesse,S,0,sirin-sorin
sirinates-sorinates,S,0,sirin-sorin
sirinatest-sorinatest,S,0,sirin-sorin
sirinatele-sorinatele,S,0,sirin-sorin
sirinatel-sorinatel,S,0,sirin-sorin
sirinatest-sorinatelt,S,0,sirin-sorin
sirinateks-sorinateks,S,0,sirin-sorin
sirinate-sorinateni,S,0,sirin-sorin
sirinate-sorinatena,S,0,sirin-sorin
sirinate-sorinateta,S,0,sirin-sorin
sirinate-sorinatega,S,0,sirin-sorin
sisin-susin,S,0,sisin-susin
sisina-susina,S,0,sisin-susin
sisinat-susinat,S,0,sisin-susin
sisinasse-susinasse,S,0,sisin-susin
sisinas-susinas,S,0,sisin-susin
sisinast-susinast,S,0,sisin-susin
sisinale-susinale,S,0,sisin-susin
sisinal-susinal,S,0,sisin-susin
sisinalt-susinalt,S,0,sisin-susin
sisinaks-susinaks,S,0,sisin-susin
sisina-susinani,S,0,sisin-susin
sisina-susinana,S,0,sisin-susin
sisina-susinata,S,0,sisin-susin
sisina-susinaga,S,0,sisin-susin
sisinad-susinad,S,0,sisin-susin
sisinate-susinate,S,0,sisin-susin
sisinaid-susinaid,S,0,sisin-susin
sisinatesse-susinatesse,S,0,sisin-susin
sisinates-susinates,S,0,sisin-susin
sisinatest-susinatest,S,0,sisin-susin
sisinatele-susinatele,S,0,sisin-susin
sisinatel-susinatel,S,0,sisin-susin
sisinatest-susinatelt,S,0,sisin-susin
sisinateks-susinateks,S,0,sisin-susin
sisinate-susinateni,S,0,sisin-susin
sisinate-susinatena,S,0,sisin-susin
sisinate-susinateta,S,0,sisin-susin
sisinate-susinatega,S,0,sisin-susin
teinepool,S,0,teinepool
teisepoole,S,0,teinepool
teistpoolt,S,0,teinepool
teisessepoolesse,S,0,teinepool
teisespooles,S,0,teinepool
teisestpoolest,S,0,teinepool
teiselepoolele,S,0,teinepool
teiselpoolel,S,0,teinepool
teiseltpoolelt,S,0,teinepool
teisekspooleks,S,0,teinepool
teisepooleni,S,0,teinepool
teisepoolena,S,0,teinepool
teisepooleta,S,0,teinepool
teisepoolega,S,0,teinepool
teisepoolde,S,0,teinepool
teisedpooled,S,0,teinepool
teistepoolte,S,0,teinepool
teisipooli,S,0,teinepool
teistessepooltesse,S,0,teinepool
teistespooltes,S,0,teinepool
teistestpooltest,S,0,teinepool
teistelepooltele,S,0,teinepool
teistelpooltel,S,0,teinepool
teisteltpooltelt,S,0,teinepool
teistekspoolteks,S,0,teinepool
teistepoolteni,S,0,teinepool
teistepooltena,S,0,teinepool
teistepoolteta,S,0,teinepool
teistepooltega,S,0,teinepool
tema,P,0,tema
ta,P,0,tema
tema,P,0,tema
ta,P,0,tema
teda,P,0,tema
temasse,P,0,tema
tasse,P,0,tema
temas,P,0,tema
tas,P,0,tema
temast,P,0,tema
tast,P,0,tema
temale,P,0,tema
talle,P,0,tema
temal,P,0,tema
tal,P,0,tema
temalt,P,0,tema
talt,P,0,tema
temaks,P,0,tema
temani,P,0,tema
temana,P,0,tema
temata,P,0,tema
temaga,P,0,tema
nemad,P,0,tema
nad,P,0,tema
nende,P,0,tema
neid,P,0,tema
nendesse,P,0,tema
neisse,P,0,tema
nendes,P,0,tema
neis,P,0,tema
nendest,P,0,tema
neist,P,0,tema
nendele,P,0,tema
neile,P,0,tema
nendel,P,0,tema
neil,P,0,tema
nendelt,P,0,tema
neilt,P,0,tema
nendeks,P,0,tema
neiks,P,0,tema
nendeni,P,0,tema
nendena,P,0,tema
nendeta,P,0,tema
nendega,P,0,tema
toosama,P,0,toosama
tollesama,P,0,toosama
todasama,P,0,toosama
tollessesamasse,P,0,toosama
tollessamas,P,0,toosama
tollestsamast,P,0,toosama
tollelesamale,P,0,toosama
tollelsamal,P,0,toosama
tolsamal,P,0,toosama
tolleltsamalt,P,0,toosama
tollekssamaks,P,0,toosama
tollesamani,P,0,toosama
tollesamana,P,0,toosama
tollesamata,P,0,toosama
tollesamaga,P,0,toosama
noodsamad,P,0,toosama
nondesamade,P,0,toosama
noidsamu,P,0,toosama
nondessesamadesse,P,0,toosama
noissesamusse,P,0,toosama
nondessamades,P,0,toosama
noissamus,P,0,toosama
nondestsamadest,P,0,toosama
noistsamust,P,0,toosama
nondelesamadele,P,0,toosama
nondelsamadel,P,0,toosama
noilsamul,P,0,toosama
nondeltsamadelt,P,0,toosama
noiltsamult,P,0,toosama
nondekssamadeks,P,0,toosama
noikssamuks,P,0,toosama
nondesamadeni,P,0,toosama
nondesamadena,P,0,toosama
nondesamadeta,P,0,toosama
nondesamadega,P,0,toosama
too,P,0,too
tolle,P,0,too
toda,P,0,too
tollesse,P,0,too
tosse,P,0,too
tolles,P,0,too
tos,P,0,too
tollest,P,0,too
tost,P,0,too
tollele,P,0,too
tollel,P,0,too
tol,P,0,too
tollelt,P,0,too
tolt,P,0,too
tolleks,P,0,too
tolleni,P,0,too
tollena,P,0,too
tolleta,P,0,too
tollega,P,0,too
nood,P,0,too
nonde,P,0,too
noid,P,0,too
nondesse,P,0,too
noisse,P,0,too
nondes,P,0,too
nois,P,0,too
nondest,P,0,too
noist,P,0,too
nondele,P,0,too
noile,P,0,too
nondel,P,0,too
noil,P,0,too
nondelt,P,0,too
noilt,P,0,too
nondeks,P,0,too
nondeni,P,0,too
nondena,P,0,too
nondeta,P,0,too
nondega,P,0,too
tühi-tähi,S,0,tühi-tähi
tühja-tähja,S,0,tühi-tähi
tühja-tähja,S,0,tühi-tähi
tühjasse-tähjasse,S,0,tühi-tähi
tühjas-tähjas,S,0,tühi-tähi
tühjast-tähjast,S,0,tühi-tähi
tühjale-tähjale,S,0,tühi-tähi
tühjal-tähjal,S,0,tühi-tähi
tühjalt-tähjalt,S,0,tühi-tähi
tühjaks-tähjaks,S,0,tühi-tähi
tühja-tähjani,S,0,tühi-tähi
tühja-tähjana,S,0,tühi-tähi
tühja-tähjata,S,0,tühi-tähi
tühja-tähjaga,S,0,tühi-tähi
tühja-tähja,S,0,tühi-tähi
viimnepäev,S,0,viimnepäev
viimsepäeva,S,0,viimnepäev
viimsetpäeva,S,0,viimnepäev
viimsessepäevasse,S,0,viimnepäev
viimsespäevas,S,0,viimnepäev
viimsestpäevast,S,0,viimnepäev
viimselepäevale,S,0,viimnepäev
viimselpäeval,S,0,viimnepäev
viimseltpäevalt,S,0,viimnepäev
viimsekspäevaks,S,0,viimnepäev
viimsepäevani,S,0,viimnepäev
viimsepäevana,S,0,viimnepäev
viimsepäevata,S,0,viimnepäev
viimsepäevaga,S,0,viimnepäev
üksainuke,A,0,üksainuke
üheainukese,A,0,üksainuke
ühtainukest,A,0,üksainuke
ühteainukest,A,0,üksainuke
ühteainukesesse,A,0,üksainuke
ühteainukesse,A,0,üksainuke
ühesainukeses,A,0,üksainuke
ühestainukesest,A,0,üksainuke
üheleainukesele,A,0,üksainuke
ühelainukesel,A,0,üksainuke
üheltainukeselt,A,0,üksainuke
üheksainukeseks,A,0,üksainuke
üheainukeseni,A,0,üksainuke
üheainukesena,A,0,üksainuke
üheainukeseta,A,0,üksainuke
üheainukesega,A,0,üksainuke
üksainus,A,0,üksainus
üheainsa,A,0,üksainus
ühtainsat,A,0,üksainus
ühtainust,A,0,üksainus
ühesseainsasse,A,0,üksainus
ühesainsas,A,0,üksainus
ühestainsast,A,0,üksainus
üheleainsale,A,0,üksainus
ühelainsal,A,0,üksainus
üheltainsalt,A,0,üksainus
üheksainsaks,A,0,üksainus
üheainsani,A,0,üksainus
üheainsana,A,0,üksainus
üheainsata,A,0,üksainus
üheainsaga,A,0,üksainus
